site_code,sku,date,stock
CA100,1000,2020-01-01,402
CA100,1000,2020-01-02,384
CA100,1000,2020-01-03,362
CA100,1000,2020-01-04,345
CA100,1000,2020-01-05,303
CA100,1000,2020-01-06,274
CA100,1000,2020-01-07,478
CA100,1000,2020-01-08,447
CA100,1000,2020-01-09,431
CA100,1000,2020-01-10,582
CA100,1000,2020-01-11,627
CA100,1000,2020-01-12,580
CA100,1000,2020-01-13,650
CA100,1000,2020-01-14,688
CA100,1000,2020-01-15,676
CA100,1000,2020-01-16,643
CA100,1000,2020-01-17,834
CA100,1000,2020-01-18,817
CA100,1000,2020-01-19,840
CA100,1000,2020-01-20,889
CA100,1000,2020-01-21,849
CA100,1000,2020-01-22,843
CA100,1000,2020-01-23,931
CA100,1000,2020-01-24,896
CA100,1000,2020-01-25,1039
CA100,1000,2020-01-26,1010
CA100,1000,2020-01-27,952
CA100,1000,2020-01-28,924
CA100,1000,2020-01-29,890
CA100,1000,2020-01-30,862
CA100,1000,2020-01-31,848
CA100,1000,2020-02-01,854
CA100,1000,2020-02-02,802
CA100,1000,2020-02-03,957
CA100,1000,2020-02-04,984
CA100,1000,2020-02-05,941
CA100,1000,2020-02-06,938
CA100,1000,2020-02-07,917
CA100,1000,2020-02-08,873
CA100,1000,2020-02-09,880
CA100,1000,2020-02-10,1050
CA100,1000,2020-02-11,1014
CA100,1000,2020-02-12,1023
CA100,1000,2020-02-13,1006
CA100,1000,2020-02-14,998
CA100,1000,2020-02-15,978
CA100,1000,2020-02-16,939
CA100,1000,2020-02-17,917
CA100,1000,2020-02-18,902
CA100,1000,2020-02-19,872
CA100,1000,2020-02-20,1009
CA100,1000,2020-02-21,972
CA100,1000,2020-02-22,953
CA100,1000,2020-02-23,913
CA100,1000,2020-02-24,873
CA100,1000,2020-02-25,847
CA100,1000,2020-02-26,817
CA100,1000,2020-02-27,804
CA100,1000,2020-02-28,775
CA100,1000,2020-02-29,771
CA100,1000,2020-03-01,745
CA100,1000,2020-03-02,735
CA100,1000,2020-03-03,701
CA100,1000,2020-03-04,671
CA100,1000,2020-03-05,654
CA100,1000,2020-03-06,709
CA100,1000,2020-03-07,659
CA100,1000,2020-03-08,634
CA100,1000,2020-03-09,619
CA100,1000,2020-03-10,595
CA100,1000,2020-03-11,591
CA100,1000,2020-03-12,564
CA100,1000,2020-03-13,535
CA100,1000,2020-03-14,749
CA100,1000,2020-03-15,723
CA100,1000,2020-03-16,703
CA100,1000,2020-03-17,674
CA100,1000,2020-03-18,659
CA100,1000,2020-03-19,640
CA100,1000,2020-03-20,621
CA100,1000,2020-03-21,838
CA100,1000,2020-03-22,793
CA100,1000,2020-03-23,760
CA100,1000,2020-03-24,732
CA100,1000,2020-03-25,717
CA100,1000,2020-03-26,703
CA100,1000,2020-03-27,697
CA100,1000,2020-03-28,696
CA100,1000,2020-03-29,681
CA100,1000,2020-03-30,672
CA100,1000,2020-03-31,649
CA100,1000,2020-04-01,608
CA100,1000,2020-04-02,583
CA100,1000,2020-04-03,574
CA100,1000,2020-04-04,572
CA100,1000,2020-04-05,554
CA100,1000,2020-04-06,509
CA100,1000,2020-04-07,694
CA100,1000,2020-04-08,665
CA100,1000,2020-04-09,630
CA100,1000,2020-04-10,610
CA100,1000,2020-04-11,759
CA100,1000,2020-04-12,742
CA100,1000,2020-04-13,920
CA100,1000,2020-04-14,875
CA100,1000,2020-04-15,841
CA100,1000,2020-04-16,834
CA100,1000,2020-04-17,998
CA100,1000,2020-04-18,959
CA100,1000,2020-04-19,911
CA100,1000,2020-04-20,871
CA100,1000,2020-04-21,867
CA100,1000,2020-04-22,851
CA100,1000,2020-04-23,804
CA100,1000,2020-04-24,783
CA100,1000,2020-04-25,773
CA100,1000,2020-04-26,743
CA100,1000,2020-04-27,697
CA100,1000,2020-04-28,667
CA100,1000,2020-04-29,651
CA100,1000,2020-04-30,814
CA100,1000,2020-05-01,790
CA100,1000,2020-05-02,765
CA100,1000,2020-05-03,802
CA100,1000,2020-05-04,772
CA100,1000,2020-05-05,728
CA100,1000,2020-05-06,814
CA100,1000,2020-05-07,778
CA100,1000,2020-05-08,761
CA100,1000,2020-05-09,733
CA100,1000,2020-05-10,817
CA100,1000,2020-05-11,1021
CA100,1000,2020-05-12,988
CA100,1000,2020-05-13,955
CA100,1000,2020-05-14,919
CA100,1000,2020-05-15,900
CA100,1000,2020-05-16,1020
CA100,1000,2020-05-17,1131
CA100,1000,2020-05-18,1095
CA100,1000,2020-05-19,1174
CA100,1000,2020-05-20,1135
CA100,1000,2020-05-21,1103
CA100,1000,2020-05-22,1075
CA100,1000,2020-05-23,1062
CA100,1000,2020-05-24,1014
CA100,1000,2020-05-25,991
CA100,1000,2020-05-26,945
CA100,1000,2020-05-27,920
CA100,1000,2020-05-28,895
CA100,1000,2020-05-29,875
CA100,1000,2020-05-30,850
CA100,1000,2020-05-31,816
CA100,1000,2020-06-01,774
CA100,1000,2020-06-02,737
CA100,1000,2020-06-03,711
CA100,1000,2020-06-04,696
CA100,1000,2020-06-05,679
CA100,1000,2020-06-06,665
CA100,1000,2020-06-07,644
CA100,1000,2020-06-08,608
CA100,1000,2020-06-09,598
CA100,1000,2020-06-10,576
CA100,1000,2020-06-11,558
CA100,1000,2020-06-12,617
CA100,1000,2020-06-13,593
CA100,1000,2020-06-14,576
CA100,1000,2020-06-15,706
CA100,1000,2020-06-16,872
CA100,1000,2020-06-17,831
CA100,1000,2020-06-18,803
CA100,1000,2020-06-19,779
CA100,1000,2020-06-20,962
CA100,1000,2020-06-21,937
CA100,1000,2020-06-22,881
CA100,1000,2020-06-23,948
CA100,1000,2020-06-24,913
CA100,1000,2020-06-25,887
CA100,1000,2020-06-26,957
CA100,1000,2020-06-27,934
CA100,1000,2020-06-28,896
CA100,1000,2020-06-29,866
CA100,1000,2020-06-30,857
CA100,1000,2020-07-01,1045
CA100,1000,2020-07-02,1006
CA100,1000,2020-07-03,1107
CA100,1000,2020-07-04,1067
CA100,1000,2020-07-05,1219
CA100,1000,2020-07-06,1378
CA100,1000,2020-07-07,1341
CA100,1000,2020-07-08,1352
CA100,1000,2020-07-09,1399
CA100,1000,2020-07-10,1374
CA100,1000,2020-07-11,1338
CA100,1000,2020-07-12,1304
CA100,1000,2020-07-13,1456
CA100,1000,2020-07-14,1422
CA100,1000,2020-07-15,1381
CA100,1000,2020-07-16,1338
CA100,1000,2020-07-17,1328
CA100,1000,2020-07-18,1466
CA100,1000,2020-07-19,1447
CA100,1000,2020-07-20,1421
CA100,1000,2020-07-21,1555
CA100,1000,2020-07-22,1493
CA100,1000,2020-07-23,1465
CA100,1000,2020-07-24,1468
CA100,1000,2020-07-25,1546
CA100,1000,2020-07-26,1568
CA100,1000,2020-07-27,1521
CA100,1000,2020-07-28,1736
CA100,1000,2020-07-29,1712
CA100,1000,2020-07-30,1653
CA100,1000,2020-07-31,1627
CA100,1000,2020-08-01,1822
CA100,1000,2020-08-02,1812
CA100,1000,2020-08-03,1779
CA100,1000,2020-08-04,1757
CA100,1000,2020-08-05,1706
CA100,1000,2020-08-06,1645
CA100,1000,2020-08-07,1624
CA100,1000,2020-08-08,1566
CA100,1000,2020-08-09,1538
CA100,1000,2020-08-10,1509
CA100,1000,2020-08-11,1467
CA100,1000,2020-08-12,1604
CA100,1000,2020-08-13,1570
CA100,1000,2020-08-14,1536
CA100,1000,2020-08-15,1645
CA100,1000,2020-08-16,1573
CA100,1000,2020-08-17,1554
CA100,1000,2020-08-18,1550
CA100,1000,2020-08-19,1493
CA100,1000,2020-08-20,1486
CA100,1000,2020-08-21,1441
CA100,1000,2020-08-22,1381
CA100,1000,2020-08-23,1348
CA100,1000,2020-08-24,1324
CA100,1000,2020-08-25,1430
CA100,1000,2020-08-26,1409
CA100,1000,2020-08-27,1619
CA100,1000,2020-08-28,1592
CA100,1000,2020-08-29,1574
CA100,1000,2020-08-30,1535
CA100,1000,2020-08-31,1676
CA100,1000,2020-09-01,1650
CA100,1000,2020-09-02,1621
CA100,1000,2020-09-03,1557
CA100,1000,2020-09-04,1537
CA100,1000,2020-09-05,1494
CA100,1000,2020-09-06,1560
CA100,1000,2020-09-07,1491
CA100,1000,2020-09-08,1459
CA100,1000,2020-09-09,1404
CA100,1000,2020-09-10,1364
CA100,1000,2020-09-11,1341
CA100,1000,2020-09-12,1300
CA100,1000,2020-09-13,1275
CA100,1000,2020-09-14,1262
CA100,1000,2020-09-15,1238
CA100,1000,2020-09-16,1333
CA100,1000,2020-09-17,1319
CA100,1000,2020-09-18,1290
CA100,1000,2020-09-19,1281
CA100,1000,2020-09-20,1229
CA100,1000,2020-09-21,1202
CA100,1000,2020-09-22,1181
CA100,1000,2020-09-23,1126
CA100,1000,2020-09-24,1202
CA100,1000,2020-09-25,1178
CA100,1000,2020-09-26,1160
CA100,1000,2020-09-27,1144
CA100,1000,2020-09-28,1122
CA100,1000,2020-09-29,1105
CA100,1000,2020-09-30,1102
CA100,1000,2020-10-01,1067
CA100,1000,2020-10-02,1036
CA100,1000,2020-10-03,1019
CA100,1000,2020-10-04,987
CA100,1000,2020-10-05,973
CA100,1000,2020-10-06,929
CA100,1000,2020-10-07,1078
CA100,1000,2020-10-08,1038
CA100,1000,2020-10-09,996
CA100,1000,2020-10-10,1063
CA100,1000,2020-10-11,1003
CA100,1000,2020-10-12,981
CA100,1000,2020-10-13,939
CA100,1000,2020-10-14,911
CA100,1000,2020-10-15,892
CA100,1000,2020-10-16,851
CA100,1000,2020-10-17,816
CA100,1000,2020-10-18,1010
CA100,1000,2020-10-19,972
CA100,1000,2020-10-20,939
CA100,1000,2020-10-21,908
CA100,1000,2020-10-22,878
CA100,1000,2020-10-23,825
CA100,1000,2020-10-24,817
CA100,1000,2020-10-25,799
CA100,1000,2020-10-26,779
CA100,1000,2020-10-27,751
CA100,1000,2020-10-28,722
CA100,1000,2020-10-29,690
CA100,1000,2020-10-30,905
CA100,1000,2020-10-31,872
CA100,1000,2020-11-01,841
CA100,1000,2020-11-02,815
CA100,1000,2020-11-03,797
CA100,1000,2020-11-04,998
CA100,1000,2020-11-05,963
CA100,1000,2020-11-06,1159
CA100,1000,2020-11-07,1150
CA100,1000,2020-11-08,1147
CA100,1000,2020-11-09,1094
CA100,1000,2020-11-10,1088
CA100,1000,2020-11-11,1047
CA100,1000,2020-11-12,1014
CA100,1000,2020-11-13,1032
CA100,1000,2020-11-14,1062
CA100,1000,2020-11-15,1278
CA100,1000,2020-11-16,1231
CA100,1000,2020-11-17,1229
CA100,1000,2020-11-18,1310
CA100,1000,2020-11-19,1462
CA100,1000,2020-11-20,1401
CA100,1000,2020-11-21,1390
CA100,1000,2020-11-22,1362
CA100,1000,2020-11-23,1343
CA100,1000,2020-11-24,1316
CA100,1000,2020-11-25,1461
CA100,1000,2020-11-26,1419
CA100,1000,2020-11-27,1385
CA100,1000,2020-11-28,1371
CA100,1000,2020-11-29,1351
CA100,1000,2020-11-30,1325
CA100,1000,2020-12-01,1279
CA100,1000,2020-12-02,1259
CA100,1000,2020-12-03,1222
CA100,1000,2020-12-04,1176
CA100,1000,2020-12-05,1127
CA100,1000,2020-12-06,1074
CA100,1000,2020-12-07,1245
CA100,1000,2020-12-08,1209
CA100,1000,2020-12-09,1309
CA100,1000,2020-12-10,1370
CA100,1000,2020-12-11,1350
CA100,1000,2020-12-12,1324
CA100,1000,2020-12-13,1276
CA100,1000,2020-12-14,1250
CA100,1000,2020-12-15,1218
CA100,1000,2020-12-16,1182
CA100,1000,2020-12-17,1150
CA100,1000,2020-12-18,1129
CA100,1000,2020-12-19,1071
CA100,1000,2020-12-20,1059
CA100,1000,2020-12-21,1046
CA100,1000,2020-12-22,1176
CA100,1000,2020-12-23,1159
CA100,1000,2020-12-24,1133
CA100,1000,2020-12-25,1096
CA100,1000,2020-12-26,1063
CA100,1000,2020-12-27,1126
CA100,1000,2020-12-28,1096
CA100,1000,2020-12-29,1067
CA100,1000,2020-12-30,1033
CA100,1000,2020-12-31,1000
CA100,1000,2021-01-01,975
CA100,1000,2021-01-02,953
CA100,1000,2021-01-03,905
CA100,1000,2021-01-04,872
CA100,1000,2021-01-05,840
CA100,1000,2021-01-06,814
CA100,1000,2021-01-07,782
CA100,1000,2021-01-08,751
CA100,1000,2021-01-09,718
CA100,1000,2021-01-10,685
CA100,1000,2021-01-11,638
CA100,1000,2021-01-12,629
CA100,1000,2021-01-13,605
CA100,1000,2021-01-14,594
CA100,1000,2021-01-15,575
CA100,1000,2021-01-16,556
CA100,1000,2021-01-17,524
CA100,1000,2021-01-18,509
CA100,1000,2021-01-19,706
CA100,1000,2021-01-20,696
CA100,1000,2021-01-21,671
CA100,1000,2021-01-22,655
CA100,1000,2021-01-23,628
CA100,1000,2021-01-24,581
CA100,1000,2021-01-25,707
CA100,1000,2021-01-26,684
CA100,1000,2021-01-27,766
CA100,1000,2021-01-28,741
CA100,1000,2021-01-29,713
CA100,1000,2021-01-30,686
CA100,1000,2021-01-31,658
CA100,1000,2021-02-01,615
CA100,1000,2021-02-02,604
CA100,1000,2021-02-03,562
CA100,1000,2021-02-04,536
CA100,1000,2021-02-05,521
CA100,1000,2021-02-06,487
CA100,1000,2021-02-07,459
CA100,1000,2021-02-08,434
CA100,1000,2021-02-09,518
CA100,1000,2021-02-10,717
CA100,1000,2021-02-11,770
CA100,1000,2021-02-12,731
CA100,1000,2021-02-13,700
CA100,1000,2021-02-14,671
CA100,1000,2021-02-15,667
CA100,1000,2021-02-16,646
CA100,1000,2021-02-17,636
CA100,1000,2021-02-18,614
CA100,1000,2021-02-19,745
CA100,1000,2021-02-20,722
CA100,1000,2021-02-21,710
CA100,1000,2021-02-22,686
CA100,1000,2021-02-23,685
CA100,1000,2021-02-24,671
CA100,1000,2021-02-25,649
CA100,1000,2021-02-26,626
CA100,1000,2021-02-27,605
CA100,1000,2021-02-28,593
CA100,1000,2021-03-01,581
CA100,1000,2021-03-02,566
CA100,1000,2021-03-03,545
CA100,1000,2021-03-04,525
CA100,1000,2021-03-05,495
CA100,1000,2021-03-06,476
CA100,1000,2021-03-07,450
CA100,1000,2021-03-08,521
CA100,1000,2021-03-09,501
CA100,1000,2021-03-10,476
CA100,1000,2021-03-11,660
CA100,1000,2021-03-12,851
CA100,1000,2021-03-13,814
CA100,1000,2021-03-14,774
CA100,1000,2021-03-15,745
CA100,1000,2021-03-16,941
CA100,1000,2021-03-17,909
CA100,1000,2021-03-18,880
CA100,1000,2021-03-19,879
CA100,1000,2021-03-20,864
CA100,1000,2021-03-21,832
CA100,1000,2021-03-22,780
CA100,1000,2021-03-23,755
CA100,1000,2021-03-24,729
CA100,1000,2021-03-25,708
CA100,1000,2021-03-26,678
CA100,1000,2021-03-27,639
CA100,1000,2021-03-28,594
CA100,1000,2021-03-29,566
CA100,1000,2021-03-30,535
CA100,1000,2021-03-31,507
CA100,1000,2021-04-01,485
CA100,1000,2021-04-02,478
CA100,1000,2021-04-03,438
CA100,1000,2021-04-04,417
CA100,1000,2021-04-05,407
CA100,1000,2021-04-06,390
CA100,1000,2021-04-07,355
CA100,1000,2021-04-08,332
CA100,1000,2021-04-09,314
CA100,1000,2021-04-10,298
CA100,1000,2021-04-11,424
CA100,1000,2021-04-12,409
CA100,1000,2021-04-13,398
CA100,1000,2021-04-14,384
CA100,1000,2021-04-15,357
CA100,1000,2021-04-16,566
CA100,1000,2021-04-17,599
CA100,1000,2021-04-18,614
CA100,1000,2021-04-19,595
CA100,1000,2021-04-20,572
CA100,1000,2021-04-21,558
CA100,1000,2021-04-22,528
CA100,1000,2021-04-23,505
CA100,1000,2021-04-24,481
CA100,1000,2021-04-25,450
CA100,1000,2021-04-26,437
CA100,1000,2021-04-27,519
CA100,1000,2021-04-28,496
CA100,1000,2021-04-29,484
CA100,1000,2021-04-30,456
CA100,1000,2021-05-01,439
CA100,1000,2021-05-02,404
CA100,1000,2021-05-03,366
CA100,1000,2021-05-04,345
CA100,1000,2021-05-05,320
CA100,1000,2021-05-06,298
CA100,1000,2021-05-07,279
CA100,1000,2021-05-08,252
CA100,1000,2021-05-09,245
CA100,1000,2021-05-10,229
CA100,1000,2021-05-11,346
CA100,1000,2021-05-12,318
CA100,1000,2021-05-13,529
CA100,1000,2021-05-14,493
CA100,1000,2021-05-15,469
CA100,1000,2021-05-16,432
CA100,1000,2021-05-17,401
CA100,1000,2021-05-18,372
CA100,1000,2021-05-19,516
CA100,1000,2021-05-20,552
CA100,1000,2021-05-21,534
CA100,1000,2021-05-22,598
CA100,1000,2021-05-23,566
CA100,1000,2021-05-24,544
CA100,1000,2021-05-25,539
CA100,1000,2021-05-26,532
CA100,1000,2021-05-27,512
CA100,1000,2021-05-28,497
CA100,1000,2021-05-29,473
CA100,1000,2021-05-30,459
CA100,1000,2021-05-31,444
CA100,1000,2021-06-01,430
CA100,1000,2021-06-02,419
CA100,1000,2021-06-03,399
CA100,1000,2021-06-04,390
CA100,1000,2021-06-05,362
CA100,1000,2021-06-06,326
CA100,1000,2021-06-07,318
CA100,1000,2021-06-08,306
CA100,1000,2021-06-09,291
CA100,1000,2021-06-10,268
CA100,1000,2021-06-11,325
CA100,1000,2021-06-12,432
CA100,1000,2021-06-13,399
CA100,1000,2021-06-14,391
CA100,1000,2021-06-15,374
CA100,1000,2021-06-16,366
CA100,1000,2021-06-17,392
CA100,1000,2021-06-18,379
CA100,1000,2021-06-19,355
CA100,1000,2021-06-20,332
CA100,1000,2021-06-21,306
CA100,1000,2021-06-22,406
CA100,1000,2021-06-23,375
CA100,1000,2021-06-24,363
CA100,1000,2021-06-25,343
CA100,1000,2021-06-26,329
CA100,1000,2021-06-27,383
CA100,1000,2021-06-28,353
CA100,1000,2021-06-29,330
CA100,1000,2021-06-30,305
CA100,1000,2021-07-01,288
CA100,1000,2021-07-02,270
CA100,1000,2021-07-03,264
CA100,1000,2021-07-04,470
CA100,1000,2021-07-05,436
CA100,1000,2021-07-06,432
CA100,1000,2021-07-07,412
CA100,1000,2021-07-08,398
CA100,1000,2021-07-09,367
CA100,1000,2021-07-10,452
CA100,1000,2021-07-11,441
CA100,1000,2021-07-12,426
CA100,1000,2021-07-13,547
CA100,1000,2021-07-14,514
CA100,1000,2021-07-15,498
CA100,1000,2021-07-16,472
CA100,1000,2021-07-17,444
CA100,1000,2021-07-18,430
CA100,1000,2021-07-19,405
CA100,1000,2021-07-20,402
CA100,1000,2021-07-21,376
CA100,1000,2021-07-22,453
CA100,1000,2021-07-23,448
CA100,1000,2021-07-24,430
CA100,1000,2021-07-25,390
CA100,1000,2021-07-26,375
CA100,1000,2021-07-27,349
CA100,1000,2021-07-28,324
CA100,1000,2021-07-29,306
CA100,1000,2021-07-30,471
CA100,1000,2021-07-31,540
CA100,1000,2021-08-01,512
CA100,1000,2021-08-02,485
CA100,1000,2021-08-03,636
CA100,1000,2021-08-04,616
CA100,1000,2021-08-05,643
CA100,1000,2021-08-06,631
CA100,1000,2021-08-07,599
CA100,1000,2021-08-08,578
CA100,1000,2021-08-09,542
CA100,1000,2021-08-10,514
CA100,1000,2021-08-11,492
CA100,1000,2021-08-12,469
CA100,1000,2021-08-13,436
CA100,1000,2021-08-14,404
CA100,1000,2021-08-15,395
CA100,1000,2021-08-16,379
CA100,1000,2021-08-17,367
CA100,1000,2021-08-18,362
CA100,1000,2021-08-19,343
CA100,1000,2021-08-20,567
CA100,1000,2021-08-21,626
CA100,1000,2021-08-22,598
CA100,1000,2021-08-23,811
CA100,1000,2021-08-24,795
CA100,1000,2021-08-25,907
CA100,1000,2021-08-26,884
CA100,1000,2021-08-27,858
CA100,1000,2021-08-28,829
CA100,1000,2021-08-29,797
CA100,1000,2021-08-30,997
CA100,1000,2021-08-31,980
CA100,1000,2021-09-01,965
CA100,1000,2021-09-02,949
CA100,1000,2021-09-03,908
CA100,1000,2021-09-04,894
CA100,1000,2021-09-05,860
CA100,1000,2021-09-06,885
CA100,1000,2021-09-07,865
CA100,1000,2021-09-08,1010
CA100,1000,2021-09-09,984
CA100,1000,2021-09-10,962
CA100,1000,2021-09-11,921
CA100,1000,2021-09-12,971
CA100,1000,2021-09-13,1140
CA100,1000,2021-09-14,1109
CA100,1000,2021-09-15,1094
CA100,1000,2021-09-16,1048
CA100,1000,2021-09-17,999
CA100,1000,2021-09-18,1068
CA100,1000,2021-09-19,1022
CA100,1000,2021-09-20,991
CA100,1000,2021-09-21,959
CA100,1000,2021-09-22,910
CA100,1000,2021-09-23,907
CA100,1000,2021-09-24,1031
CA100,1000,2021-09-25,999
CA100,1000,2021-09-26,951
CA100,1000,2021-09-27,939
CA100,1000,2021-09-28,921
CA100,1000,2021-09-29,1026
CA100,1000,2021-09-30,993
CA100,1000,2021-10-01,972
CA100,1000,2021-10-02,944
CA100,1000,2021-10-03,937
CA100,1000,2021-10-04,915
CA100,1000,2021-10-05,867
CA100,1000,2021-10-06,833
CA100,1000,2021-10-07,799
CA100,1000,2021-10-08,763
CA100,1000,2021-10-09,751
CA100,1000,2021-10-10,713
CA100,1000,2021-10-11,705
CA100,1000,2021-10-12,665
CA100,1000,2021-10-13,657
CA100,1000,2021-10-14,664
CA100,1000,2021-10-15,635
CA100,1000,2021-10-16,780
CA100,1000,2021-10-17,739
CA100,1000,2021-10-18,702
CA100,1000,2021-10-19,677
CA100,1000,2021-10-20,644
CA100,1000,2021-10-21,607
CA100,1000,2021-10-22,593
CA100,1000,2021-10-23,734
CA100,1000,2021-10-24,704
CA100,1000,2021-10-25,685
CA100,1000,2021-10-26,879
CA100,1000,2021-10-27,838
CA100,1000,2021-10-28,802
CA100,1000,2021-10-29,781
CA100,1000,2021-10-30,980
CA100,1000,2021-10-31,938
CA100,1000,2021-11-01,956
CA100,1000,2021-11-02,938
CA100,1000,2021-11-03,913
CA100,1000,2021-11-04,884
CA100,1000,2021-11-05,869
CA100,1000,2021-11-06,837
CA100,1000,2021-11-07,790
CA100,1000,2021-11-08,754
CA100,1000,2021-11-09,723
CA100,1000,2021-11-10,815
CA100,1000,2021-11-11,782
CA100,1000,2021-11-12,756
CA100,1000,2021-11-13,719
CA100,1000,2021-11-14,684
CA100,1000,2021-11-15,748
CA100,1000,2021-11-16,716
CA100,1000,2021-11-17,695
CA100,1000,2021-11-18,671
CA100,1000,2021-11-19,634
CA100,1000,2021-11-20,724
CA100,1000,2021-11-21,711
CA100,1000,2021-11-22,739
CA100,1000,2021-11-23,711
CA100,1000,2021-11-24,686
CA100,1000,2021-11-25,657
CA100,1000,2021-11-26,632
CA100,1000,2021-11-27,601
CA100,1000,2021-11-28,776
CA100,1000,2021-11-29,822
CA100,1000,2021-11-30,1005
CA100,1000,2021-12-01,972
CA100,1000,2021-12-02,932
CA100,1000,2021-12-03,903
CA100,1000,2021-12-04,1085
CA100,1000,2021-12-05,1059
CA100,1000,2021-12-06,1045
CA100,1000,2021-12-07,1014
CA100,1000,2021-12-08,1003
CA100,1000,2021-12-09,970
CA100,1000,2021-12-10,952
CA100,1000,2021-12-11,918
CA100,1000,2021-12-12,1043
CA100,1000,2021-12-13,1006
CA100,1000,2021-12-14,982
CA100,1000,2021-12-15,975
CA100,1000,2021-12-16,956
CA100,1000,2021-12-17,945
CA100,1000,2021-12-18,981
CA100,1000,2021-12-19,924
CA100,1000,2021-12-20,988
CA100,1000,2021-12-21,975
CA100,1000,2021-12-22,960
CA100,1000,2021-12-23,941
CA100,1000,2021-12-24,937
CA100,1000,2021-12-25,923
CA100,1000,2021-12-26,892
CA100,1000,2021-12-27,850
CA100,1000,2021-12-28,813
CA100,1000,2021-12-29,804
CA100,1000,2021-12-30,764
CA100,1000,2021-12-31,746
CA100,1000,2022-01-01,823
CA100,1000,2022-01-02,794
CA100,1000,2022-01-03,760
CA100,1000,2022-01-04,750
CA100,1000,2022-01-05,741
CA100,1000,2022-01-06,701
CA100,1000,2022-01-07,663
CA100,1000,2022-01-08,866
CA100,1000,2022-01-09,831
CA100,1000,2022-01-10,828
CA100,1000,2022-01-11,808
CA100,1000,2022-01-12,776
CA100,1000,2022-01-13,874
CA100,1000,2022-01-14,855
CA100,1000,2022-01-15,820
CA100,1000,2022-01-16,771
CA100,1000,2022-01-17,759
CA100,1000,2022-01-18,733
CA100,1000,2022-01-19,720
CA100,1000,2022-01-20,707
CA100,1000,2022-01-21,691
CA100,1000,2022-01-22,671
CA100,1000,2022-01-23,651
CA100,1000,2022-01-24,605
CA100,1000,2022-01-25,733
CA100,1000,2022-01-26,715
CA100,1000,2022-01-27,925
CA100,1000,2022-01-28,1056
CA100,1000,2022-01-29,1007
CA100,1000,2022-01-30,968
CA100,1000,2022-01-31,935
CA100,1000,2022-02-01,907
CA100,1000,2022-02-02,876
CA100,1000,2022-02-03,865
CA100,1000,2022-02-04,1028
CA100,1000,2022-02-05,1087
CA100,1000,2022-02-06,1068
CA100,1000,2022-02-07,1019
CA100,1000,2022-02-08,1090
CA100,1000,2022-02-09,1172
CA100,1000,2022-02-10,1315
CA100,1000,2022-02-11,1263
CA100,1000,2022-02-12,1222
CA100,1000,2022-02-13,1170
CA100,1000,2022-02-14,1165
CA100,1000,2022-02-15,1126
CA100,1000,2022-02-16,1096
CA100,1000,2022-02-17,1047
CA100,1000,2022-02-18,1196
CA100,1000,2022-02-19,1176
CA100,1000,2022-02-20,1144
CA100,1000,2022-02-21,1104
CA100,1000,2022-02-22,1066
CA100,1000,2022-02-23,1023
CA100,1000,2022-02-24,1069
CA100,1000,2022-02-25,1047
CA100,1000,2022-02-26,1020
CA100,1000,2022-02-27,997
CA100,1000,2022-02-28,965
CA100,1000,2022-03-01,943
CA100,1000,2022-03-02,913
CA100,1000,2022-03-03,895
CA100,1000,2022-03-04,856
CA100,1000,2022-03-05,916
CA100,1000,2022-03-06,1070
CA100,1000,2022-03-07,1043
CA100,1000,2022-03-08,1005
CA100,1000,2022-03-09,990
CA100,1000,2022-03-10,940
CA100,1000,2022-03-11,914
CA100,1000,2022-03-12,892
CA100,1000,2022-03-13,948
CA100,1000,2022-03-14,908
CA100,1000,2022-03-15,928
CA100,1000,2022-03-16,916
CA100,1000,2022-03-17,890
CA100,1000,2022-03-18,866
CA100,1000,2022-03-19,839
CA100,1000,2022-03-20,905
CA100,1000,2022-03-21,1069
CA100,1000,2022-03-22,1037
CA100,1000,2022-03-23,1017
CA100,1000,2022-03-24,1056
CA100,1000,2022-03-25,999
CA100,1000,2022-03-26,972
CA100,1000,2022-03-27,931
CA100,1000,2022-03-28,925
CA100,1000,2022-03-29,908
CA100,1000,2022-03-30,1043
CA100,1000,2022-03-31,1024
CA100,1000,2022-04-01,992
CA100,1000,2022-04-02,963
CA100,1000,2022-04-03,940
CA100,1000,2022-04-04,1066
CA100,1000,2022-04-05,1049
CA100,1000,2022-04-06,1029
CA100,1000,2022-04-07,1126
CA100,1000,2022-04-08,1116
CA100,1000,2022-04-09,1067
CA100,1000,2022-04-10,1033
CA100,1000,2022-04-11,1006
CA100,1000,2022-04-12,957
CA100,1000,2022-04-13,928
CA100,1000,2022-04-14,905
CA100,1000,2022-04-15,871
CA100,1000,2022-04-16,833
CA100,1000,2022-04-17,802
CA100,1000,2022-04-18,868
CA100,1000,2022-04-19,842
CA100,1000,2022-04-20,825
CA100,1000,2022-04-21,864
CA100,1000,2022-04-22,832
CA100,1000,2022-04-23,804
CA100,1000,2022-04-24,768
CA100,1000,2022-04-25,730
CA100,1000,2022-04-26,701
CA100,1000,2022-04-27,694
CA100,1000,2022-04-28,677
CA100,1000,2022-04-29,648
CA100,1000,2022-04-30,627
CA100,1000,2022-05-01,598
CA100,1000,2022-05-02,567
CA100,1000,2022-05-03,540
CA100,1000,2022-05-04,508
CA100,1000,2022-05-05,494
CA100,1000,2022-05-06,664
CA100,1000,2022-05-07,640
CA100,1000,2022-05-08,620
CA100,1000,2022-05-09,593
CA100,1000,2022-05-10,569
CA100,1000,2022-05-11,603
CA100,1000,2022-05-12,586
CA100,1000,2022-05-13,557
CA100,1000,2022-05-14,552
CA100,1000,2022-05-15,656
CA100,1000,2022-05-16,648
CA100,1000,2022-05-17,614
CA100,1000,2022-05-18,584
CA100,1000,2022-05-19,567
CA100,1000,2022-05-20,547
CA100,1000,2022-05-21,522
CA100,1000,2022-05-22,486
CA100,1000,2022-05-23,460
CA100,1000,2022-05-24,440
CA100,1000,2022-05-25,546
CA100,1000,2022-05-26,528
CA100,1000,2022-05-27,505
CA100,1000,2022-05-28,468
CA100,1000,2022-05-29,454
CA100,1000,2022-05-30,413
CA100,1000,2022-05-31,398
CA100,1000,2022-06-01,385
CA100,1000,2022-06-02,434
CA100,1000,2022-06-03,424
CA100,1000,2022-06-04,395
CA100,1000,2022-06-05,375
CA100,1000,2022-06-06,516
CA100,1000,2022-06-07,565
CA100,1000,2022-06-08,543
CA100,1000,2022-06-09,514
CA100,1000,2022-06-10,494
CA100,1000,2022-06-11,467
CA100,1000,2022-06-12,445
CA100,1000,2022-06-13,456
CA100,1000,2022-06-14,441
CA100,1000,2022-06-15,414
CA100,1000,2022-06-16,429
CA100,1000,2022-06-17,412
CA100,1000,2022-06-18,385
CA100,1000,2022-06-19,360
CA100,1000,2022-06-20,349
CA100,1000,2022-06-21,396
CA100,1000,2022-06-22,384
CA100,1000,2022-06-23,361
CA100,1000,2022-06-24,347
CA100,1000,2022-06-25,552
CA100,1000,2022-06-26,534
CA100,1000,2022-06-27,521
CA100,1000,2022-06-28,499
CA100,1000,2022-06-29,468
CA100,1000,2022-06-30,543
CA100,1000,2022-07-01,509
CA100,1000,2022-07-02,480
CA100,1000,2022-07-03,462
CA100,1000,2022-07-04,664
CA100,1000,2022-07-05,647
CA100,1000,2022-07-06,633
CA100,1000,2022-07-07,614
CA100,1000,2022-07-08,582
CA100,1000,2022-07-09,657
CA100,1000,2022-07-10,630
CA100,1000,2022-07-11,603
CA100,1000,2022-07-12,563
CA100,1000,2022-07-13,558
CA100,1000,2022-07-14,538
CA100,1000,2022-07-15,528
CA100,1000,2022-07-16,492
CA100,1000,2022-07-17,471
CA100,1000,2022-07-18,435
CA100,1000,2022-07-19,641
CA100,1000,2022-07-20,614
CA100,1000,2022-07-21,607
CA100,1000,2022-07-22,587
CA100,1000,2022-07-23,576
CA100,1000,2022-07-24,544
CA100,1000,2022-07-25,525
CA100,1000,2022-07-26,493
CA100,1000,2022-07-27,463
CA100,1000,2022-07-28,442
CA100,1000,2022-07-29,424
CA100,1000,2022-07-30,556
CA100,1000,2022-07-31,523
CA100,1000,2022-08-01,501
CA100,1000,2022-08-02,488
CA100,1000,2022-08-03,623
CA100,1000,2022-08-04,610
CA100,1000,2022-08-05,580
CA100,1000,2022-08-06,551
CA100,1000,2022-08-07,530
CA100,1000,2022-08-08,488
CA100,1000,2022-08-09,457
CA100,1000,2022-08-10,444
CA100,1000,2022-08-11,438
CA100,1000,2022-08-12,418
CA100,1000,2022-08-13,393
CA100,1000,2022-08-14,373
CA100,1000,2022-08-15,353
CA100,1000,2022-08-16,346
CA100,1000,2022-08-17,424
CA100,1000,2022-08-18,410
CA100,1000,2022-08-19,490
CA100,1000,2022-08-20,610
CA100,1000,2022-08-21,590
CA100,1000,2022-08-22,738
CA100,1000,2022-08-23,726
CA100,1000,2022-08-24,710
CA100,1000,2022-08-25,704
CA100,1000,2022-08-26,668
CA100,1000,2022-08-27,643
CA100,1000,2022-08-28,715
CA100,1000,2022-08-29,691
CA100,1000,2022-08-30,661
CA100,1000,2022-08-31,796
CA100,1000,2022-09-01,774
CA100,1000,2022-09-02,747
CA100,1000,2022-09-03,718
CA100,1000,2022-09-04,675
CA100,1000,2022-09-05,697
CA100,1000,2022-09-06,687
CA100,1000,2022-09-07,656
CA100,1000,2022-09-08,645
CA100,1000,2022-09-09,624
CA100,1000,2022-09-10,575
CA100,1000,2022-09-11,559
CA100,1000,2022-09-12,620
CA100,1000,2022-09-13,607
CA100,1000,2022-09-14,575
CA100,1000,2022-09-15,750
CA100,1000,2022-09-16,737
CA100,1000,2022-09-17,846
CA100,1000,2022-09-18,823
CA100,1000,2022-09-19,799
CA100,1000,2022-09-20,782
CA100,1000,2022-09-21,739
CA100,1000,2022-09-22,718
CA100,1000,2022-09-23,703
CA100,1000,2022-09-24,660
CA100,1000,2022-09-25,749
CA100,1000,2022-09-26,703
CA100,1000,2022-09-27,684
CA100,1000,2022-09-28,751
CA100,1000,2022-09-29,726
CA100,1000,2022-09-30,709
CA100,1000,2022-10-01,672
CA100,1000,2022-10-02,647
CA100,1000,2022-10-03,641
CA100,1000,2022-10-04,614
CA100,1000,2022-10-05,596
CA100,1000,2022-10-06,588
CA100,1000,2022-10-07,564
CA100,1000,2022-10-08,528
CA100,1000,2022-10-09,498
CA100,1000,2022-10-10,484
CA100,1000,2022-10-11,663
CA100,1000,2022-10-12,625
CA100,1000,2022-10-13,600
CA100,1000,2022-10-14,583
CA100,1000,2022-10-15,552
CA100,1000,2022-10-16,662
CA100,1000,2022-10-17,626
CA100,1000,2022-10-18,595
CA100,1000,2022-10-19,754
CA100,1000,2022-10-20,736
CA100,1000,2022-10-21,721
CA100,1000,2022-10-22,696
CA100,1000,2022-10-23,646
CA100,1000,2022-10-24,618
CA100,1000,2022-10-25,584
CA100,1000,2022-10-26,564
CA100,1000,2022-10-27,555
CA100,1000,2022-10-28,529
CA100,1000,2022-10-29,510
CA100,1000,2022-10-30,473
CA100,1000,2022-10-31,441
CA100,1000,2022-11-01,439
CA100,1000,2022-11-02,432
CA100,1000,2022-11-03,538
CA100,1000,2022-11-04,518
CA100,1000,2022-11-05,719
CA100,1000,2022-11-06,824
CA100,1000,2022-11-07,802
CA100,1000,2022-11-08,758
CA100,1000,2022-11-09,873
CA100,1000,2022-11-10,853
CA100,1000,2022-11-11,980
CA100,1000,2022-11-12,1149
CA100,1000,2022-11-13,1104
CA100,1000,2022-11-14,1100
CA100,1000,2022-11-15,1257
CA100,1000,2022-11-16,1217
CA100,1000,2022-11-17,1200
CA100,1000,2022-11-18,1180
CA100,1000,2022-11-19,1147
CA100,1000,2022-11-20,1118
CA100,1000,2022-11-21,1065
CA100,1000,2022-11-22,1037
CA100,1000,2022-11-23,1013
CA100,1000,2022-11-24,1172
CA100,1000,2022-11-25,1138
CA100,1000,2022-11-26,1116
CA100,1000,2022-11-27,1071
CA100,1000,2022-11-28,1108
CA100,1000,2022-11-29,1081
CA100,1000,2022-11-30,1060
CA100,1000,2022-12-01,1208
CA100,1000,2022-12-02,1164
CA100,1000,2022-12-03,1141
CA100,1000,2022-12-04,1125
CA100,1000,2022-12-05,1099
CA100,1000,2022-12-06,1059
CA100,1000,2022-12-07,1021
CA100,1000,2022-12-08,1233
CA100,1000,2022-12-09,1195
CA100,1000,2022-12-10,1157
CA100,1000,2022-12-11,1137
CA100,1000,2022-12-12,1092
CA100,1000,2022-12-13,1041
CA100,1000,2022-12-14,1004
CA100,1000,2022-12-15,971
CA100,1000,2022-12-16,950
CA100,1000,2022-12-17,925
CA100,1000,2022-12-18,887
CA100,1000,2022-12-19,851
CA100,1000,2022-12-20,820
CA100,1000,2022-12-21,781
CA100,1000,2022-12-22,960
CA100,1000,2022-12-23,941
CA100,1000,2022-12-24,912
CA100,1000,2022-12-25,870
CA100,1000,2022-12-26,855
CA100,1000,2022-12-27,821
CA100,1000,2022-12-28,851
CA100,1000,2022-12-29,818
CA100,1000,2022-12-30,799
CA100,1000,2022-12-31,994
CA100,1000,2023-01-01,955
CA100,1000,2023-01-02,918
CA100,1000,2023-01-03,899
CA100,1000,2023-01-04,890
CA100,1000,2023-01-05,865
CA100,1000,2023-01-06,839
CA100,1000,2023-01-07,795
CA100,1000,2023-01-08,955
CA100,1000,2023-01-09,948
CA100,1000,2023-01-10,943
CA100,1000,2023-01-11,911
CA100,1000,2023-01-12,885
CA100,1000,2023-01-13,852
CA100,1000,2023-01-14,798
CA100,1000,2023-01-15,773
CA100,1000,2023-01-16,736
CA100,1000,2023-01-17,698
CA100,1000,2023-01-18,689
CA100,1000,2023-01-19,682
CA100,1000,2023-01-20,652
CA100,1000,2023-01-21,872
CA100,1000,2023-01-22,853
CA100,1000,2023-01-23,826
CA100,1000,2023-01-24,803
CA100,1000,2023-01-25,792
CA100,1000,2023-01-26,818
CA100,1000,2023-01-27,785
CA100,1000,2023-01-28,765
CA100,1000,2023-01-29,754
CA100,1000,2023-01-30,725
CA100,1000,2023-01-31,704
CA100,1000,2023-02-01,818
CA100,1000,2023-02-02,784
CA100,1000,2023-02-03,758
CA100,1000,2023-02-04,718
CA100,1000,2023-02-05,702
CA100,1000,2023-02-06,669
CA100,1000,2023-02-07,637
CA100,1000,2023-02-08,701
CA100,1000,2023-02-09,685
CA100,1000,2023-02-10,657
CA100,1000,2023-02-11,629
CA100,1000,2023-02-12,596
CA100,1000,2023-02-13,755
CA100,1000,2023-02-14,961
CA100,1000,2023-02-15,1069
CA100,1000,2023-02-16,1020
CA100,1000,2023-02-17,1209
CA100,1000,2023-02-18,1201
CA100,1000,2023-02-19,1342
CA100,1000,2023-02-20,1298
CA100,1000,2023-02-21,1255
CA100,1000,2023-02-22,1209
CA100,1000,2023-02-23,1192
CA100,1000,2023-02-24,1170
CA100,1000,2023-02-25,1150
CA100,1000,2023-02-26,1108
CA100,1000,2023-02-27,1089
CA100,1000,2023-02-28,1044
CA100,1000,2023-03-01,1003
CA100,1000,2023-03-02,990
CA100,1000,2023-03-03,1028
CA100,1000,2023-03-04,993
CA100,1000,2023-03-05,1004
CA100,1000,2023-03-06,995
CA100,1000,2023-03-07,949
CA100,1000,2023-03-08,907
CA100,1000,2023-03-09,869
CA100,1000,2023-03-10,851
CA100,1000,2023-03-11,868
CA100,1000,2023-03-12,1018
CA100,1000,2023-03-13,958
CA100,1000,2023-03-14,946
CA100,1000,2023-03-15,914
CA100,1000,2023-03-16,891
CA100,1000,2023-03-17,864
CA100,1000,2023-03-18,884
CA100,1000,2023-03-19,875
CA100,1000,2023-03-20,833
CA100,1000,2023-03-21,801
CA100,1000,2023-03-22,800
CA100,1000,2023-03-23,757
CA100,1000,2023-03-24,734
CA100,1000,2023-03-25,706
CA100,1000,2023-03-26,684
CA100,1000,2023-03-27,660
CA100,1000,2023-03-28,631
CA100,1000,2023-03-29,859
CA100,1000,2023-03-30,845
CA100,1000,2023-03-31,799
CA100,1000,2023-04-01,775
CA100,1000,2023-04-02,759
CA100,1000,2023-04-03,729
CA100,1000,2023-04-04,951
CA100,1000,2023-04-05,1006
CA100,1000,2023-04-06,974
CA100,1000,2023-04-07,955
CA100,1000,2023-04-08,906
CA100,1000,2023-04-09,868
CA100,1000,2023-04-10,895
CA100,1000,2023-04-11,859
CA100,1000,2023-04-12,829
CA100,1000,2023-04-13,946
CA100,1000,2023-04-14,943
CA100,1000,2023-04-15,921
CA100,1000,2023-04-16,887
CA100,1000,2023-04-17,927
CA100,1000,2023-04-18,892
CA100,1000,2023-04-19,881
CA100,1000,2023-04-20,871
CA100,1000,2023-04-21,847
CA100,1000,2023-04-22,828
CA100,1000,2023-04-23,777
CA100,1000,2023-04-24,834
CA100,1000,2023-04-25,795
CA100,1000,2023-04-26,766
CA100,1000,2023-04-27,745
CA100,1000,2023-04-28,728
CA100,1000,2023-04-29,702
CA100,1000,2023-04-30,667
CA100,1000,2023-05-01,837
CA100,1000,2023-05-02,811
CA100,1000,2023-05-03,840
CA100,1000,2023-05-04,803
CA100,1000,2023-05-05,816
CA100,1000,2023-05-06,799
CA100,1000,2023-05-07,767
CA100,1000,2023-05-08,735
CA100,1000,2023-05-09,733
CA100,1000,2023-05-10,706
CA100,1000,2023-05-11,751
CA100,1000,2023-05-12,729
CA100,1000,2023-05-13,697
CA100,1000,2023-05-14,669
CA100,1000,2023-05-15,647
CA100,1000,2023-05-16,624
CA100,1000,2023-05-17,591
CA100,1000,2023-05-18,724
CA100,1000,2023-05-19,685
CA100,1000,2023-05-20,745
CA100,1000,2023-05-21,717
CA100,1000,2023-05-22,854
CA100,1000,2023-05-23,807
CA100,1000,2023-05-24,785
CA100,1000,2023-05-25,783
CA100,1000,2023-05-26,759
CA100,1000,2023-05-27,744
CA100,1000,2023-05-28,698
CA100,1000,2023-05-29,675
CA100,1000,2023-05-30,639
CA100,1000,2023-05-31,622
CA100,1000,2023-06-01,612
CA100,1000,2023-06-02,579
CA100,1000,2023-06-03,543
CA100,1000,2023-06-04,531
CA100,1000,2023-06-05,521
CA100,1000,2023-06-06,513
CA100,1000,2023-06-07,479
CA100,1000,2023-06-08,449
CA100,1000,2023-06-09,415
CA100,1000,2023-06-10,381
CA100,1000,2023-06-11,362
CA100,1000,2023-06-12,468
CA100,1000,2023-06-13,444
CA100,1000,2023-06-14,421
CA100,1000,2023-06-15,392
CA100,1000,2023-06-16,422
CA100,1000,2023-06-17,521
CA100,1000,2023-06-18,497
CA100,1000,2023-06-19,468
CA100,1000,2023-06-20,464
CA100,1000,2023-06-21,478
CA100,1000,2023-06-22,494
CA100,1000,2023-06-23,472
CA100,1000,2023-06-24,449
CA100,1000,2023-06-25,531
CA100,1000,2023-06-26,506
CA100,1000,2023-06-27,482
CA100,1000,2023-06-28,467
CA100,1000,2023-06-29,441
CA100,1000,2023-06-30,571
CA100,1000,2023-07-01,559
CA100,1000,2023-07-02,526
CA100,1000,2023-07-03,507
CA100,1000,2023-07-04,488
CA100,1000,2023-07-05,468
CA100,1000,2023-07-06,436
CA100,1000,2023-07-07,418
CA100,1000,2023-07-08,383
CA100,1000,2023-07-09,375
CA100,1000,2023-07-10,352
CA100,1000,2023-07-11,336
CA100,1000,2023-07-12,310
CA100,1000,2023-07-13,288
CA100,1000,2023-07-14,281
CA100,1000,2023-07-15,257
CA100,1000,2023-07-16,227
CA100,1000,2023-07-17,210
CA100,1000,2023-07-18,192
CA100,1000,2023-07-19,167
CA100,1000,2023-07-20,135
CA100,1000,2023-07-21,115
CA100,1000,2023-07-22,101
CA100,1000,2023-07-23,69
CA100,1000,2023-07-24,45
CA100,1000,2023-07-25,234
CA100,1000,2023-07-26,211
CA100,1000,2023-07-27,205
CA100,1000,2023-07-28,182
CA100,1000,2023-07-29,156
CA100,1000,2023-07-30,144
CA100,1000,2023-07-31,130
CA100,1000,2023-08-01,126
CA100,1000,2023-08-02,111
CA100,1000,2023-08-03,314
CA100,1000,2023-08-04,302
CA100,1000,2023-08-05,272
CA100,1000,2023-08-06,390
CA100,1000,2023-08-07,459
CA100,1000,2023-08-08,443
CA100,1000,2023-08-09,413
CA100,1000,2023-08-10,389
CA100,1000,2023-08-11,371
CA100,1000,2023-08-12,351
CA100,1000,2023-08-13,319
CA100,1000,2023-08-14,297
CA100,1000,2023-08-15,281
CA100,1000,2023-08-16,440
CA100,1000,2023-08-17,532
CA100,1000,2023-08-18,576
CA100,1000,2023-08-19,537
CA100,1000,2023-08-20,623
CA100,1000,2023-08-21,614
CA100,1000,2023-08-22,576
CA100,1000,2023-08-23,560
CA100,1000,2023-08-24,531
CA100,1000,2023-08-25,509
CA100,1000,2023-08-26,478
CA100,1000,2023-08-27,458
CA100,1000,2023-08-28,442
CA100,1000,2023-08-29,422
CA100,1000,2023-08-30,478
CA100,1000,2023-08-31,462
CA100,1000,2023-09-01,430
CA100,1000,2023-09-02,400
CA100,1000,2023-09-03,384
CA100,1000,2023-09-04,365
CA100,1000,2023-09-05,388
CA100,1000,2023-09-06,491
CA100,1000,2023-09-07,473
CA100,1000,2023-09-08,446
CA100,1000,2023-09-09,417
CA100,1000,2023-09-10,396
CA100,1000,2023-09-11,359
CA100,1000,2023-09-12,344
CA100,1000,2023-09-13,341
CA100,1000,2023-09-14,323
CA100,1000,2023-09-15,303
CA100,1000,2023-09-16,292
CA100,1000,2023-09-17,281
CA100,1000,2023-09-18,247
CA100,1000,2023-09-19,223
CA100,1000,2023-09-20,197
CA100,1000,2023-09-21,173
CA100,1000,2023-09-22,159
CA100,1000,2023-09-23,147
CA100,1000,2023-09-24,355
CA100,1000,2023-09-25,450
CA100,1000,2023-09-26,436
CA100,1000,2023-09-27,420
CA100,1000,2023-09-28,588
CA100,1000,2023-09-29,570
CA100,1000,2023-09-30,540
CA100,1000,2023-10-01,670
CA100,1000,2023-10-02,638
CA100,1000,2023-10-03,710
CA100,1000,2023-10-04,695
CA100,1000,2023-10-05,673
CA100,1000,2023-10-06,641
CA100,1000,2023-10-07,602
CA100,1000,2023-10-08,593
CA100,1000,2023-10-09,564
CA100,1000,2023-10-10,536
CA100,1000,2023-10-11,521
CA100,1000,2023-10-12,486
CA100,1000,2023-10-13,606
CA100,1000,2023-10-14,587
CA100,1000,2023-10-15,549
CA100,1000,2023-10-16,707
CA100,1000,2023-10-17,685
CA100,1000,2023-10-18,655
CA100,1000,2023-10-19,614
CA100,1000,2023-10-20,589
CA100,1000,2023-10-21,556
CA100,1000,2023-10-22,597
CA100,1000,2023-10-23,587
CA100,1000,2023-10-24,672
CA100,1000,2023-10-25,661
CA100,1000,2023-10-26,788
CA100,1000,2023-10-27,777
CA100,1000,2023-10-28,892
CA100,1000,2023-10-29,841
CA100,1000,2023-10-30,791
CA100,1000,2023-10-31,768
CA100,1000,2023-11-01,759
CA100,1000,2023-11-02,751
CA100,1000,2023-11-03,758
CA100,1000,2023-11-04,793
CA100,1000,2023-11-05,753
CA100,1000,2023-11-06,716
CA100,1000,2023-11-07,685
CA100,1000,2023-11-08,671
CA100,1000,2023-11-09,663
CA100,1000,2023-11-10,635
CA100,1000,2023-11-11,628
CA100,1000,2023-11-12,592
CA100,1000,2023-11-13,572
CA100,1000,2023-11-14,554
CA100,1000,2023-11-15,525
CA100,1000,2023-11-16,488
CA100,1000,2023-11-17,686
CA100,1000,2023-11-18,655
CA100,1000,2023-11-19,632
CA100,1000,2023-11-20,605
CA100,1000,2023-11-21,820
CA100,1000,2023-11-22,773
CA100,1000,2023-11-23,955
CA100,1000,2023-11-24,1050
CA100,1000,2023-11-25,1003
CA100,1000,2023-11-26,1117
CA100,1000,2023-11-27,1079
CA100,1000,2023-11-28,1064
CA100,1000,2023-11-29,1030
CA100,1000,2023-11-30,1009
CA100,1000,2023-12-01,988
CA100,1000,2023-12-02,1068
CA100,1000,2023-12-03,1020
CA100,1000,2023-12-04,982
CA100,1000,2023-12-05,932
CA100,1000,2023-12-06,917
CA100,1000,2023-12-07,899
CA100,1000,2023-12-08,861
CA100,1000,2023-12-09,842
CA100,1000,2023-12-10,813
CA100,1000,2023-12-11,782
CA100,1000,2023-12-12,757
CA100,1000,2023-12-13,856
CA100,1000,2023-12-14,825
CA100,1000,2023-12-15,779
CA100,1000,2023-12-16,760
CA100,1000,2023-12-17,950
CA100,1000,2023-12-18,922
CA100,1000,2023-12-19,1084
CA100,1000,2023-12-20,1069
CA100,1000,2023-12-21,1047
CA100,1000,2023-12-22,1039
CA100,1000,2023-12-23,995
CA100,1000,2023-12-24,970
CA100,1000,2023-12-25,966
CA100,1000,2023-12-26,924
CA100,1000,2023-12-27,902
CA100,1000,2023-12-28,875
CA100,1000,2023-12-29,926
CA100,1000,2023-12-30,900
CA100,1000,2023-12-31,1029
CA100,1000,2024-01-01,997
CA100,1000,2024-01-02,982
CA100,1000,2024-01-03,946
CA100,1000,2024-01-04,917
CA100,1000,2024-01-05,881
CA100,1000,2024-01-06,842
CA100,1000,2024-01-07,813
CA100,1000,2024-01-08,803
CA100,1000,2024-01-09,777
CA100,1000,2024-01-10,738
CA100,1000,2024-01-11,717
CA100,1000,2024-01-12,713
CA100,1000,2024-01-13,672
CA100,1000,2024-01-14,631
CA100,1000,2024-01-15,598
CA100,1000,2024-01-16,655
CA100,1000,2024-01-17,648
CA100,1000,2024-01-18,628
CA100,1000,2024-01-19,607
CA100,1000,2024-01-20,785
CA100,1000,2024-01-21,747
CA100,1000,2024-01-22,714
CA100,1000,2024-01-23,690
CA100,1000,2024-01-24,734
CA100,1000,2024-01-25,700
CA100,1000,2024-01-26,809
CA100,1000,2024-01-27,778
CA100,1000,2024-01-28,759
CA100,1000,2024-01-29,759
CA100,1000,2024-01-30,731
CA100,1000,2024-01-31,693
CA100,1000,2024-02-01,766
CA100,1000,2024-02-02,747
CA100,1000,2024-02-03,843
CA100,1000,2024-02-04,969
CA100,1000,2024-02-05,921
CA100,1000,2024-02-06,900
CA100,1000,2024-02-07,878
CA100,1000,2024-02-08,851
CA100,1000,2024-02-09,826
CA100,1000,2024-02-10,786
CA100,1000,2024-02-11,761
CA100,1000,2024-02-12,741
CA100,1000,2024-02-13,705
CA100,1000,2024-02-14,747
CA100,1000,2024-02-15,729
CA100,1000,2024-02-16,776
CA100,1000,2024-02-17,735
CA100,1000,2024-02-18,692
CA100,1000,2024-02-19,661
CA100,1000,2024-02-20,659
CA100,1000,2024-02-21,625
CA100,1000,2024-02-22,712
CA100,1000,2024-02-23,683
CA100,1000,2024-02-24,853
CA100,1000,2024-02-25,810
CA100,1000,2024-02-26,960
CA100,1000,2024-02-27,947
CA100,1000,2024-02-28,962
CA100,1000,2024-02-29,1141
CA100,1000,2024-03-01,1112
CA100,1000,2024-03-02,1080
CA100,1000,2024-03-03,1040
CA100,1000,2024-03-04,1028
CA100,1000,2024-03-05,1001
CA100,1000,2024-03-06,1106
CA100,1000,2024-03-07,1069
CA100,1000,2024-03-08,1042
CA100,1000,2024-03-09,1005
CA100,1000,2024-03-10,995
CA100,1000,2024-03-11,972
CA100,1000,2024-03-12,1164
CA100,1000,2024-03-13,1139
CA100,1000,2024-03-14,1086
CA100,1000,2024-03-15,1140
CA100,1000,2024-03-16,1104
CA100,1000,2024-03-17,1042
CA100,1000,2024-03-18,1015
CA100,1000,2024-03-19,972
CA100,1000,2024-03-20,937
CA100,1000,2024-03-21,914
CA100,1000,2024-03-22,901
CA100,1000,2024-03-23,1066
CA100,1000,2024-03-24,1030
CA100,1000,2024-03-25,1008
CA100,1000,2024-03-26,979
CA100,1000,2024-03-27,941
CA100,1000,2024-03-28,935
CA100,1000,2024-03-29,900
CA100,1000,2024-03-30,886
CA100,1000,2024-03-31,874
CA100,1000,2024-04-01,835
CA100,1000,2024-04-02,823
CA100,1000,2024-04-03,798
CA100,1000,2024-04-04,781
CA100,1000,2024-04-05,762
CA100,1000,2024-04-06,755
CA100,1000,2024-04-07,893
CA100,1000,2024-04-08,870
CA100,1000,2024-04-09,839
CA100,1000,2024-04-10,828
CA100,1000,2024-04-11,808
CA100,1000,2024-04-12,786
CA100,1000,2024-04-13,773
CA100,1000,2024-04-14,738
CA100,1000,2024-04-15,710
CA100,1000,2024-04-16,805
CA100,1000,2024-04-17,787
CA100,1000,2024-04-18,770
CA100,1000,2024-04-19,762
CA100,1000,2024-04-20,735
CA100,1000,2024-04-21,696
CA100,1000,2024-04-22,662
CA100,1000,2024-04-23,878
CA100,1000,2024-04-24,855
CA100,1000,2024-04-25,843
CA100,1000,2024-04-26,811
CA100,1000,2024-04-27,968
CA100,1000,2024-04-28,923
CA100,1000,2024-04-29,905
CA100,1000,2024-04-30,876
CA100,1000,2024-05-01,848
CA100,1000,2024-05-02,1015
CA100,1000,2024-05-03,1005
CA100,1000,2024-05-04,963
CA100,1000,2024-05-05,936
CA100,1000,2024-05-06,1044
CA100,1000,2024-05-07,1060
CA100,1000,2024-05-08,1038
CA100,1000,2024-05-09,1011
CA100,1000,2024-05-10,967
CA100,1000,2024-05-11,1182
CA100,1000,2024-05-12,1162
CA100,1000,2024-05-13,1291
CA100,1000,2024-05-14,1324
CA100,1000,2024-05-15,1361
CA100,1000,2024-05-16,1544
CA100,1000,2024-05-17,1699
CA100,1000,2024-05-18,1866
CA100,1000,2024-05-19,1823
CA100,1000,2024-05-20,1810
CA100,1000,2024-05-21,1767
CA100,1000,2024-05-22,1710
CA100,1000,2024-05-23,1794
CA100,1000,2024-05-24,1767
CA100,1000,2024-05-25,1715
CA100,1000,2024-05-26,1692
CA100,1000,2024-05-27,1637
CA100,1000,2024-05-28,1630
CA100,1000,2024-05-29,1612
CA100,1000,2024-05-30,1603
CA100,1000,2024-05-31,1579
CA100,1000,2024-06-01,1577
CA100,1000,2024-06-02,1546
CA100,1000,2024-06-03,1489
CA100,1000,2024-06-04,1481
CA100,1000,2024-06-05,1429
CA100,1000,2024-06-06,1393
CA100,1000,2024-06-07,1364
CA100,1000,2024-06-08,1360
CA100,1000,2024-06-09,1325
CA100,1000,2024-06-10,1285
CA100,1000,2024-06-11,1478
CA100,1000,2024-06-12,1426
CA100,1000,2024-06-13,1469
CA100,1000,2024-06-14,1634
CA100,1000,2024-06-15,1585
CA100,1000,2024-06-16,1538
CA100,1000,2024-06-17,1486
CA100,1000,2024-06-18,1574
CA100,1000,2024-06-19,1518
CA100,1000,2024-06-20,1739
CA100,1000,2024-06-21,1789
CA100,1000,2024-06-22,1754
CA100,1000,2024-06-23,1697
CA100,1000,2024-06-24,1674
CA100,1000,2024-06-25,1645
CA100,1000,2024-06-26,1609
CA100,1000,2024-06-27,1577
CA100,1000,2024-06-28,1533
CA100,1000,2024-06-29,1463
CA100,1000,2024-06-30,1477
CA100,1000,2024-07-01,1409
CA100,1000,2024-07-02,1378
CA100,1000,2024-07-03,1326
CA100,1000,2024-07-04,1272
CA100,1000,2024-07-05,1262
CA100,1000,2024-07-06,1214
CA100,1000,2024-07-07,1383
CA100,1000,2024-07-08,1369
CA100,1000,2024-07-09,1503
CA100,1000,2024-07-10,1460
CA100,1000,2024-07-11,1441
CA100,1000,2024-07-12,1413
CA100,1000,2024-07-13,1350
CA100,1000,2024-07-14,1381
CA100,1000,2024-07-15,1549
CA100,1000,2024-07-16,1483
CA100,1000,2024-07-17,1476
CA100,1000,2024-07-18,1667
CA100,1000,2024-07-19,1647
CA100,1000,2024-07-20,1613
CA100,1000,2024-07-21,1562
CA100,1000,2024-07-22,1523
CA100,1000,2024-07-23,1497
CA100,1000,2024-07-24,1435
CA100,1000,2024-07-25,1410
CA100,1000,2024-07-26,1388
CA100,1000,2024-07-27,1354
CA100,1000,2024-07-28,1312
CA100,1000,2024-07-29,1269
CA100,1000,2024-07-30,1235
CA100,1000,2024-07-31,1209
CA100,1000,2024-08-01,1190
CA100,1000,2024-08-02,1183
CA100,1000,2024-08-03,1148
CA100,1000,2024-08-04,1120
CA100,1000,2024-08-05,1109
CA100,1000,2024-08-06,1081
CA100,1000,2024-08-07,1075
CA100,1000,2024-08-08,1074
CA100,1000,2024-08-09,1054
CA100,1000,2024-08-10,1032
CA100,1000,2024-08-11,1005
CA100,1000,2024-08-12,957
CA100,1000,2024-08-13,941
CA100,1000,2024-08-14,922
CA100,1000,2024-08-15,874
CA100,1000,2024-08-16,827
CA100,1000,2024-08-17,797
CA100,1000,2024-08-18,758
CA100,1000,2024-08-19,743
CA100,1000,2024-08-20,728
CA100,1000,2024-08-21,713
CA100,1000,2024-08-22,694
CA100,1000,2024-08-23,740
CA100,1000,2024-08-24,719
CA100,1000,2024-08-25,678
CA100,1000,2024-08-26,661
CA100,1000,2024-08-27,640
CA100,1000,2024-08-28,605
CA100,1000,2024-08-29,592
CA100,1000,2024-08-30,571
CA100,1000,2024-08-31,555
CA100,1000,2024-09-01,542
CA100,1000,2024-09-02,509
CA100,1000,2024-09-03,483
CA100,1000,2024-09-04,481
CA100,1000,2024-09-05,617
CA100,1000,2024-09-06,592
CA100,1000,2024-09-07,569
CA100,1000,2024-09-08,788
CA100,1000,2024-09-09,756
CA100,1000,2024-09-10,733
CA100,1000,2024-09-11,844
CA100,1000,2024-09-12,809
CA100,1000,2024-09-13,768
CA100,1000,2024-09-14,791
CA100,1000,2024-09-15,760
CA100,1000,2024-09-16,735
CA100,1000,2024-09-17,791
CA100,1000,2024-09-18,752
CA100,1000,2024-09-19,893
CA100,1000,2024-09-20,1049
CA100,1000,2024-09-21,1016
CA100,1000,2024-09-22,1146
CA100,1000,2024-09-23,1106
CA100,1000,2024-09-24,1061
CA100,1000,2024-09-25,1090
CA100,1000,2024-09-26,1226
CA100,1000,2024-09-27,1351
CA100,1000,2024-09-28,1295
CA100,1000,2024-09-29,1258
CA100,1000,2024-09-30,1224
CA100,1000,2024-10-01,1223
CA100,1000,2024-10-02,1206
CA100,1000,2024-10-03,1186
CA100,1000,2024-10-04,1152
CA100,1000,2024-10-05,1127
CA100,1000,2024-10-06,1069
CA100,1000,2024-10-07,1044
CA100,1000,2024-10-08,989
CA100,1000,2024-10-09,971
CA100,1000,2024-10-10,944
CA100,1000,2024-10-11,913
CA100,1000,2024-10-12,899
CA100,1000,2024-10-13,906
CA100,1000,2024-10-14,978
CA100,1000,2024-10-15,942
CA100,1000,2024-10-16,919
CA100,1000,2024-10-17,869
CA100,1000,2024-10-18,860
CA100,1000,2024-10-19,874
CA100,1000,2024-10-20,850
CA100,1000,2024-10-21,821
CA100,1000,2024-10-22,782
CA100,1000,2024-10-23,743
CA100,1000,2024-10-24,726
CA100,1000,2024-10-25,710
CA100,1000,2024-10-26,699
CA100,1000,2024-10-27,884
CA100,1000,2024-10-28,930
CA100,1000,2024-10-29,888
CA100,1000,2024-10-30,881
CA100,1000,2024-10-31,842
CA100,1000,2024-11-01,805
CA100,1000,2024-11-02,782
CA100,1000,2024-11-03,723
CA100,1000,2024-11-04,876
CA100,1000,2024-11-05,1035
CA100,1000,2024-11-06,998
CA100,1000,2024-11-07,978
CA100,1000,2024-11-08,947
CA100,1000,2024-11-09,934
CA100,1000,2024-11-10,885
CA100,1000,2024-11-11,873
CA100,1000,2024-11-12,861
CA100,1000,2024-11-13,835
CA100,1000,2024-11-14,1052
CA100,1000,2024-11-15,1064
CA100,1000,2024-11-16,1011
CA100,1000,2024-11-17,952
CA100,1000,2024-11-18,913
CA100,1000,2024-11-19,897
CA100,1000,2024-11-20,930
CA100,1000,2024-11-21,1112
CA100,1000,2024-11-22,1098
CA100,1000,2024-11-23,1066
CA100,1000,2024-11-24,1048
CA100,1000,2024-11-25,999
CA100,1000,2024-11-26,1129
CA100,1000,2024-11-27,1116
CA100,1000,2024-11-28,1295
CA100,1000,2024-11-29,1244
CA100,1000,2024-11-30,1264
CA100,1000,2024-12-01,1237
CA100,1000,2024-12-02,1200
CA100,1000,2024-12-03,1168
CA100,1000,2024-12-04,1147
CA100,1000,2024-12-05,1115
CA100,1000,2024-12-06,1094
CA100,1000,2024-12-07,1049
CA100,1000,2024-12-08,1124
CA100,1000,2024-12-09,1110
CA100,1000,2024-12-10,1088
CA100,1000,2024-12-11,1077
CA100,1000,2024-12-12,1045
CA100,1000,2024-12-13,1014
CA100,1000,2024-12-14,975
CA100,1000,2024-12-15,934
CA100,1000,2024-12-16,930
CA100,1000,2024-12-17,927
CA100,1000,2024-12-18,906
CA100,1000,2024-12-19,895
CA100,1000,2024-12-20,874
CA100,1000,2024-12-21,839
CA100,1000,2024-12-22,826
CA100,1000,2024-12-23,790
CA100,1000,2024-12-24,722
CA100,1000,2024-12-25,675
CA100,1000,2024-12-26,640
CA100,1000,2024-12-27,609
CA100,1000,2024-12-28,558
CA100,1000,2024-12-29,544
CA100,1000,2024-12-30,490
CA100,1000,2024-12-31,478
CA100,1000,2025-01-01,440
